{
    "metrics": {
        "iteration_duration": {
            "avg": 1213.5992364,
            "min": 1173.905,
            "med": 1181.7112000000002,
            "max": 1711.6706,
            "p(90)": 1196.97373,
            "p(95)": 1431.83458
        },
        "http_req_sending": {
            "p(95)": 0,
            "avg": 0.00915,
            "min": 0,
            "med": 0,
            "max": 1.5104,
            "p(90)": 0
        },
        "http_reqs": {
            "count": 500,
            "rate": 16.443974957996744
        },
        "http_req_duration{expected_response:true}": {
            "max": 414.352,
            "p(90)": 162.81164,
            "p(95)": 170.29555999999994,
            "avg": 101.12806439999997,
            "min": 20.0574,
            "med": 104.9248
        },
        "http_req_connecting": {
            "avg": 0.8104429999999999,
            "min": 0,
            "med": 0,
            "max": 22.5758,
            "p(90)": 0,
            "p(95)": 0
        },
        "http_req_tls_handshaking": {
            "max": 51.4268,
            "p(90)": 0,
            "p(95)": 0,
            "avg": 1.8081737999999996,
            "min": 0,
            "med": 0
        },
        "vus": {
            "value": 10,
            "min": 10,
            "max": 10
        },
        "data_sent": {
            "count": 67830,
            "rate": 2230.789642801838
        },
        "data_received": {
            "count": 941894,
            "rate": 30976.962698174768
        },
        "vus_max": {
            "value": 10,
            "min": 10,
            "max": 10
        },
        "iterations": {
            "count": 250,
            "rate": 8.221987478998372
        },
        "http_req_duration": {
            "med": 104.9248,
            "max": 414.352,
            "p(90)": 162.81164,
            "p(95)": 170.29555999999994,
            "avg": 101.12806439999997,
            "min": 20.0574
        },
        "http_req_blocked": {
            "avg": 5.3158706,
            "min": 0,
            "med": 0,
            "max": 179.8903,
            "p(90)": 0,
            "p(95)": 0
        },
        "http_req_waiting": {
            "avg": 100.72791719999996,
            "min": 19.7914,
            "med": 104.7441,
            "max": 414.352,
            "p(90)": 162.64169,
            "p(95)": 170.29555999999994
        },
        "http_req_failed": {
            "passes": 0,
            "fails": 500,
            "value": 0
        },
        "checks": {
            "passes": 250,
            "fails": 0,
            "value": 1
        },
        "http_req_receiving": {
            "med": 0.2129,
            "max": 5.5059,
            "p(90)": 0.9859800000000001,
            "p(95)": 1.2234899999999984,
            "avg": 0.39099719999999993,
            "min": 0
        }
    },
    "root_group": {
        "id": "d41d8cd98f00b204e9800998ecf8427e",
        "groups": {},
        "checks": {
                "status is 200": {
                    "name": "status is 200",
                    "path": "::status is 200",
                    "id": "6210a8cd14cd70477eba5c5e4cb3fb5f",
                    "passes": 250,
                    "fails": 0
                }
            },
        "name": "",
        "path": ""
    }
}